store,name,price,old_price,promotion
Foodline,LOREAL 125ML EYE MAKEUP REMOVER (1X1),99.99,,
Foodline,ALL GOLD TOMATO PUREE 410G (1X1),37.99,,
Foodline,ALL GOLD PASTA SAUCE 405G TOM & HERB (1X1),52.99,,
Foodline,ALL GOLD PASTA SAUCE 405G TOM & HERB (1X12),636.0,,
Foodline,ALL GOLD PASTA SAUCE 405G TOM & GARLIC (1X12),636.0,,
Foodline,ALL GOLD PASTA SAUCE 405G SUND/TOM/OLIV (1X12),636.0,,
Foodline,ALL GOLD PASTA SAUCE 405G SUND/TOM/OLIV (1X1),52.99,,
Foodline,ALL GOLD JAM 450G STRAWBERRY (1X1),47.99,,
Foodline,VITASNACK RICE BBQ 100G (1X12),540.0,,
Foodline,LOREAL 125ML EYE MAKEUP REMOVER (1X1),99.99,,
Foodline,ALL GOLD TOMATO PUREE 410G (1X1),37.99,,
Foodline,ALL GOLD PASTA SAUCE 405G TOM & HERB (1X1),52.99,,
Foodline,ALL GOLD PASTA SAUCE 405G TOM & HERB (1X12),636.0,,
Foodline,ALL GOLD PASTA SAUCE 405G TOM & GARLIC (1X12),636.0,,
Foodline,ALL GOLD PASTA SAUCE 405G SUND/TOM/OLIV (1X12),636.0,,
Foodline,ALL GOLD PASTA SAUCE 405G SUND/TOM/OLIV (1X1),52.99,,
Foodline,ALL GOLD JAM 450G STRAWBERRY (1X1),47.99,,
Foodline,VITASNACK RICE BBQ 100G (1X12),540.0,,
Foodline,BAKERS KIPS 200G SPRING ONION (1X12),456.0,,
Foodline,BAKERS KIPS 200G SPRING ONION (1X1),37.99,,
Foodline,BAKERS BOUDOIR 200G ORIG (1X15),750.0,,
Foodline,BAKERS CHOC KITS 200G CHOC (1X1),37.99,,
Foodline,ALL JOY P/SAUCE 440G TOM&BASIL (1X12),756.0,,
Foodline,ALWAYS MAXI 8S NIGHT XLONG (1X1),26.99,,
Foodline,DOMESTOS RIM BLOCK 55G PINE (1X1),27.99,,
Foodline,DOMESTOS RIM BLOCK 55G OCEAN (1X1),29.99,,
Foodline,DOMESTOS 750ML WHITE & SHINE (1X1),35.99,,
Foodline,DOMESTOS 750ML SUMMER FRESH (1X1),35.99,,
Foodline,DOMESTOS 750ML REGULAR (1X1),35.99,,
Foodline,DOMESTOS 750ML LEMON FRESH (1X1),35.99,,
Foodline,DOMESTOS 750ML LAVENDER BLAST (1X1),35.99,,
Foodline,DLITE OIL 750ML (1X1),31.99,,
Foodline,DLITE OIL 5LT (1X1),149.99,,
Foodline,DLITE OIL 375ML (1X1),17.99,,
Foodline,DIDDLE DADDLE 150G POPCORN CARAMEL (1X1),26.99,,
Foodline,DIDDLE DADDLE 4S STRAWBERRY 22G (1X1),14.99,,
Foodline,NESTLE CREMORA COFFEE CREAMER 250G SACHETS (1X1),23.99,,
Foodline,CREMORA COFFEE CREAMER 125G POUCH NW (8X12),1440.0,,
Foodline,Cremora coffee creamer 125g pouch nw (1×1),17.99,,
Foodline,COOEE 2LT ORANGE (1X1),14.99,,
Foodline,COOEE 2LT MANGO (1X1),14.99,,
Foodline,COOEE 2LT LITCHI (1X1),14.99,,
Foodline,COOEE 2LT LEMON (1X1),14.99,,
Foodline,COOEE 2LT IRON BREW (1X1),14.99,,
Foodline,COOEE 2LT GRAPE (1X1),14.99,,
Foodline,COMFORT 800ML F/SOFTNER ELEGANCE (1X1),64.99,,
Foodline,COLMANS SPRAY & COOK 300ML ORIG (1X1),49.99,,
Foodline,COLGATE T/PASTE 50ML BARBIE SMILES (1X1),23.99,,
Foodline,COLGATE T/PASTE 75ML MAXFRESH CLEANMINT (1X1),49.99,,
Foodline,COLGATE T/PASTE TOTAL 75ML PRO GUM (1X1),59.99,,
Foodline,COLGATE T/PASTE 75ML TOTAL ADV WHITENNG (1X1),59.99,,
Foodline,COLGATE T/PASTE 75ML SENSIFOAM WHITENNG (1X1),32.99,,
Foodline,COLGATE OPTIC WHITE 75ML REG (1X1),65.99,,
Foodline,COLGATE T/PASTE 75ML OPTIC INST/WHITE (1X1),63.99,,
Foodline,COLGATE T/PASTE 100ML HERBAL (1X1),27.99,,
Foodline,COLGATE T/PASTE 100ML GEL (1X1),29.99,,
Foodline,COLGATE T/PASTE 50ML KIDS STRA (1X1),23.99,,
Foodline,COLGATE T/PASTE 50ML KIDS BUBBLE FRUIT (1X1),23.99,,
Foodline,COLGATE T/PASTE 100ML HERBAL WHITE (1X1),29.99,,
Foodline,COLGATE T/PASTE 100ML REGULAR (1X1),29.99,,
Foodline,PALMOLIVE SHAMP 350ML GREEN APPLE (1X1),29.99,,
Foodline,PALMOLIVE SHAMP 350ML EGG (1X1),29.99,,
Foodline,PALMOLIVE SHAMP 350ML ANTI DANDRUFF (1X1),34.99,,
Foodline,COLGATE M/WASH 500ML OPTIC WHITE (1X1),89.99,,
Foodline,ANG COCA-COLA STRAWS WRAPPED 150S (1X1),14.99,,
Foodline,PET COCA COLA 440ML ZERO (1X1),12.99,,
Foodline,Pet coca cola 440ml reg (1×1),13.99,,
Foodline,CAN COCA COLA 330ML ZERO (1X1),11.99,,
Foodline,Coca cola 2lt (1×1),24.99,,
Foodline,CAN COCA COLA 200ML ZERO (1X1),9.99,,
Foodline,CAN COCA COLA 200ML REG (1X1),9.99,,
Foodline,Coca cola 1lt zero (1×1),17.99,,
Foodline,COBRA FLOORPOLISH 350/400ML SUMMER FLOWER (1X1),44.99,,
Foodline,COBRA FLOORPOLISH 350/400ML POTPOURRI (1X1),44.99,,
Foodline,COBRA FLOORPOLISH 350/400ML LAVENDER (1X1),44.99,,
Foodline,COBRA TILE CLEANER 1.5LT 2IN1 LAVENDER (1X1),79.99,,
Foodline,COBRA TILE CLEANER 1.5LT 2IN1 CRISP APPLE (1X1),79.99,,
Foodline,CLOVER WHIPPED CREAM 250G CAN (1X1),79.99,,
Foodline,SUPER M 300ML CREAM SODA (1X1),15.99,,
Foodline,SUPER M 300ML CHOCOLATE (1X1),15.99,,
Foodline,SUPER M 300ML BANANA (1X1),15.99,,
Foodline,SUPER M 300ML STRAWBERRY (1X1),15.99,,
Foodline,CLOVER SNACK 50G STRAWBERRY 6S (1X1),14.99,,
Foodline,CLOVER SNACK 50G BAN/STR/MIF 6’S (1X1),14.99,,
Foodline,CLOVER MILK PRISMA 1LT FULL CREAM (1X1),21.99,,
Foodline,CLOVER MILK PRISMA 1LT LOW FAT (1X1),21.99,,
Foodline,CLOVER MILK FRESH 2LT FULL CREAM (1X1),38.99,,
Foodline,CLOVER KRUSH F/JUICE 500ML TROPICAL PUNCH (1X1),21.99,,
Foodline,CLOVER KRUSH F/JUICE 500ML RED GRAPE (1X1),21.99,,
Foodline,CLOVER KRUSH F/JUICE 500ML ORANGE (1X1),21.99,,
Foodline,CLOVER KRUSH F/JUICE 500ML MANGO (1X1),21.99,,
Foodline,CLOVER KRUSH F/JUICE 500ML GUAVA (1X1),21.99,,
Foodline,CLOVER KRUSH F/JUICE 500ML BERRIES (1X1),21.99,,
Foodline,CLOVER KRUSH F/JUICE 500ML APPLE (1X1),21.99,,
Foodline,CLOVER KRUSH F/JUICE 500ML 6 FRUITS&FIBRE (1X1),21.99,,
Foodline,CLOVER KRUSH F/JUICE 500ML 6 FRUIT & 6 VITA (1X1),21.99,,
Foodline,CLOVER KRUSH F/JUICE 1.5LT TROPICAL PUNCH (1X1),42.99,,
Foodline,CLOVER KRUSH F/JUICE 1.5LT RED GRAPE (1X1),42.99,,
Foodline,CLOVER KRUSH F/JUICE 1.5LT ORANGE (1X1),42.99,,
Foodline,CLOVER KRUSH F/JUICE 1.5LT MANGO (1X1),42.99,,
Foodline,CLOVER KRUSH F/JUICE 1.5LT GUAVA (1X1),42.99,,
Foodline,CLOVER KRUSH F/JUICE 1.5LT BERRIES (1X1),42.99,,
Foodline,CLOVER KRUSH F/JUICE 1.5LT APPLE (1X1),42.99,,
Foodline,CLOVER KRUSH F/JUICE 1.5LT 6 FRUITS&FIBRE (1X1),42.99,,
Foodline,CLOVER KRUSH F/JUICE 1.5LT 6 FRUIT & 6 VITA (1X1),42.99,,
Foodline,CLOVER FETA 400G PLAIN (1X1),62.99,,
Foodline,CLOVER FETA 200G PLAIN (1X1),43.99,,
Foodline,CLOVER FETA 400G TRADITIONAL HERB (1X1),62.99,,
Foodline,CLOVER FETA 400G BLACK PEPPER (1X1),62.99,,
Foodline,CLOVER FETA 200G TRADITIONAL HERB (1X1),43.99,,
Foodline,CLOVER FETA 200G BLACK PEPPER (1X1),43.99,,
Foodline,CLOVER CUSTARD VANILLA 1L (1X1),26.99,,
Foodline,CLOVER CREAM FRESH 500ML (1X1),49.99,,
Foodline,CLOVER CREAM FRESH 250ML (1X1),32.99,,
Foodline,CLOVER CLASSIC YOG SM 6’S ST/APR/MF (1X1),21.99,,
Foodline,CLOVER CLASSIC YOG SM 6’S S/BERRY (1X1),21.99,,
Foodline,CLOVER CLASSIC YOG 500ML PLAIN (1X1),26.99,,
Foodline,CLOVER CLASSIC YOG 150ML S/BERRY (1X1),12.99,,
Foodline,CLOVER CLASSIC YOG 150ML PLAIN (1X1),12.99,,
Foodline,CLOVER CLASSIC YOG 150ML M/FRUIT (1X1),12.99,,
Foodline,CLOVER CLASSIC YOG 1LT VANILLA (1X1),37.99,,
Foodline,CLOVER CLASSIC YOG 1LT STRAWBERRY (1X1),37.99,,
Foodline,CLOVER CLASSIC YOG 1LT PLAIN (1X1),37.99,,
Foodline,CLOVER CLASSIC YOG 1LT MIXED FRUIT (1X1),37.99,,
Foodline,CLOVER CLASSIC YOG 1LT APRICOT (1X1),37.99,,
Foodline,CLOVER CHEESE SLICES 810G SLICE O NICE (1X1),124.99,,
Foodline,CLOVER CHEESE 800G GOUDA (1X1),124.99,,
Foodline,CLOVER CHEESE 800G CHEDDAR (1X1),124.99,,
Foodline,CLOVER BUTRO 500G BUTTER SPREAD TUB (1X1),102.99,,
Foodline,CLOVER BUTRO 250G BUTTER SPREAD TUB (1X1),62.99,,
Foodline,CLOVER AMASI 2LT (1X1),37.99,,
Foodline,Joko loose tea 250g (1×1),55.99,,
Foodline,JIK BLEACH 750ML REGULAR (1X1),26.99,,
Foodline,JIK BLEACH 750ML POTPOURRI (1X1),25.99,,
Foodline,JIK BLEACH 750ML PERFUMED (1X1),26.99,,
Foodline,JIK BLEACH 500ML REGULAR (1X1),13.99,,
Foodline,JIK BLEACH 500ML PERFUMED (1X1),13.99,,
Foodline,JIK BLEACH 500ML LEMON FRESH (1X1),13.99,,
Foodline,JIK BLEACH 3LT REGULAR (1X1),79.99,,
Foodline,JIK BLEACH 3LT LEMON FRESH (1X1),77.99,,
Foodline,Jik bleach 1.5lt regular (1×1),49.99,,
Foodline,JIK BLEACH 1.5LT POT POURRI (1X1),44.99,,
Foodline,JIK BLEACH 1.5LT PERFUMED (1X1),44.99,,
Foodline,Jik bleach 1.5lt lemon (1×1),49.99,,
Foodline,JEYES TOILET BLOCK 45G PINE FRESH (1X1),19.99,,
Foodline,JEYES 750ML HOME GUARD SPRING BREEZE (1X1),29.99,,
Foodline,JEYES 750ML HOME GUARD PINE (1X1),27.99,,
Foodline,JEYES 750ML HOME GUARD LAVENDER (1X1),29.99,,
Foodline,JEYES 750ML HOME GUARD CITRUS (1X1),29.99,,
Foodline,HINDS SPICE BOX 25G GINGER PUREGROUND (1X1),13.99,,
Foodline,HAMBURG TEA 25G (1X1),43.99,,
Foodline,GRAPETISER GRAPE 275ML RED (1X1),17.99,,
Foodline,GILLETTE MINORA II DISPO. BAG 5S (1X1),31.99,,
Foodline,GILLETTE MINORA BLADES PLATINUM 5S (1X1),14.99,,
Foodline,GILLETTE MACH 3 TURBO RAZOR BLD 2S (1X1),172.99,,
Foodline,GILLETTE BLUE II PLUS DISP RAZOR BAG 5S (1X1),47.99,,
Foodline,Gaviscon adv liq peppermint 10ml sachet (1×1),8.99,,
Foodline,GAVISCON 300ML PEPPERMINT (1X1),169.99,,
Foodline,GAVISCON 150ML PEPPERMINT (1X1),109.99,,
Foodline,GAVISCON 150ML ORIGINAL ANISEED (1X1),109.99,,
Foodline,FUSION 1LT TROPICAL (1X1),15.99,,
Foodline,FUSION 1LT PINE APPLE (1X1),12.99,,
Foodline,FUSION 1LT PEACH & APRICOT (1X1),15.99,,
Foodline,FUSION 1LT ORANGE (1X1),12.99,,
Foodline,FUSION 1LT MANGO/ORANGE (1X1),12.99,,
Foodline,FUSION 1LT MANGO/APPLE (1X1),12.99,,
Foodline,FUSION 1LT MANGO (1X1),15.99,,
Foodline,FUSION 1LT GUAVA (1X1),15.99,,
Foodline,FUSION 1LT GRANADILLA (1X1),15.99,,
Foodline,FRUITREE 350ML TROPICAL PUNCH (1X1),15.99,,
Foodline,FRUITREE 350ML RED GRAPE (1X1),15.99,,
Foodline,FRUITREE 350ML MEDITERRANEAN (1X1),15.99,,
Foodline,FRUITREE 350ML GUAVA (1X1),15.99,,
Foodline,Fruitree 200ml tropical punch (1×1),8.99,,
Foodline,FRUITREE 200ML MEDITERRANEAN (1X1),6.99,,
Foodline,FRUITREE 200ML GUAVA (1X1),6.99,,
Foodline,FRUITREE 200ML APPLE (1X1),6.99,,
Foodline,FRUITREE 1LT TROPICAL PUNCH (1X1),21.99,,
Foodline,FRUITREE 1LT RED GRAPE 1LT (1X1),21.99,,
Foodline,FRUITREE 1LT ORANGE (1X1),21.99,,
Foodline,FRUITREE 1LT MEDITERRANIAN (1X1),21.99,,
Foodline,FRUITREE 1LT GUAVA (1X1),21.99,,
Foodline,FRUITREE 1LT CLEAR APPLE (1X1),21.99,,
Foodline,FRITOS 25G 4S TOMATO SAUCE STRIP (1X1),13.99,,
Foodline,FRITOS 25G 4S SWEET CHILLI (1X1),13.99,,
Foodline,FRITOS 25G BBQ (1X1),3.99,,
Foodline,FRITOS 120G TOMATO SAUCE (1X1),17.99,,
Foodline,FRITOS 120G SWEET CHILLI (1X1),15.99,,
Foodline,Fritos 120g bbq (1×1),17.99,,
Foodline,Frisco coffee gussets 750g original (1×1),144.99,,
Foodline,FRISCO COFFEE INSTANT 750G ORIGINAL (1X1),118.99,,
Foodline,Frisco coffee instant 250g original (1×1),73.99,,
Foodline,FRISCO COFFEE INSTANT 250G GRANULES (1X1),52.99,,
Foodline,Frisco coffee gussets 500g granules (1×1),109.99,,
Foodline,Frisco coffee gussets 200g original (1×1),59.99,,
Foodline,FRISCO COFFEE GUSSETS 200G GRANULES (1X1),41.99,,
Foodline,Frisco coffee gussets 100g granules (1×1),32.99,,
Foodline,Freshpak wellness 20s senna (1×1),36.99,,
Foodline,DYROACH 300ML (1X1),59.99,,
Foodline,DYROACH 300ML ODOURLESS (1X1),59.99,,
Foodline,DUREX CONDOMS EXTRA SAFE 3S (1X1),36.99,,
Foodline,DR WHITE’S REGULAR PADS 10’S MEDIUM (1X1),49.99,,
Foodline,DOVE SOAP 90G WHITE BEAUTY CRM (1X1),24.99,,
Foodline,DOVE SOAP 90G GENTLE EXFOLIATING (1X1),16.99,,
Foodline,DOVE SOAP 90G FRESH TOUCH (1X1),16.99,,
Foodline,DOVE R/ON 50ML [F] ORIGINAL (1X1),29.99,,
Foodline,DOVE R/ON 50ML [F] MINERAL TOUCH (1X1),28.99,,
Foodline,DORITOS CHIPS 45G CHEESE SUPREME (1X1),7.99,,
Foodline,DORITOS CHIPS 145G SWEET CHILLI PEPPER (1X1),23.99,,
Foodline,DORITOS CHIPS 145G SC&MILD CHILLI (1X1),23.99,,
Foodline,Doritos chips 145g cheese supreme (1×1),23.99,,
Foodline,DOOM RATTEX 100G PELLETS (1X1),34.99,,
Foodline,DOOM 125G MOSQUITO COILS SUPER (1X5),85.0,,
Foodline,DOOM 125G MOSQUITO COILS SUPER (1X1),15.99,,
Foodline,DOOM 180ML MOSQUITO DESTROYER (1X1),39.99,,
Foodline,DOOM 300ML DEFEND (1X1),47.99,,
Foodline,DOOM BLUE DEATH 500G (1X1),95.99,,
Foodline,DOOM BLUE DEATH 100G (1X1),33.99,,
Foodline,DOOM 300ML SUPER GREEN (1X1),47.99,,
Foodline,DOOM 300ML FRESH ODOURLESS (1X1),45.99,,
Foodline,DOOM 300ML FRESH LAVENDER (1X1),45.99,,
Foodline,DOOM 300ML EXTREME FLYING (1X1),45.99,,
Foodline,CLOSE-UP T/PASTE 125G RED HOT (1X1),19.99,,
Foodline,CLOSE-UP T/PASTE 125G COOL BREEZE (1X1),19.99,,
Foodline,CLERE RADIANCE OIL CONT GEL F/WASH 100ML (1X1),43.99,,
Foodline,CLERE P/JELLY 250ML YELLOW PURE (1X1),34.99,,
Foodline,CLERE P/JELLY 250ML WHITE PURE (1X1),34.99,,
Foodline,CLERE P/JELLY 250ML ENERGISING (1X1),34.99,,
Foodline,CLERE H&B LTN 400ML POWDER FRESH (1X1),32.99,,
Foodline,CLERE H&B LTN 400ML LANOLIN & GLYCERINE (1X1),29.99,,
Foodline,CLERE H&B LTN 400ML COCONUT (1X1),29.99,,
Foodline,CLERE H&B LTN 400ML COCOA BUTTER (1X1),32.99,,
Foodline,Clere h&b ltn 400ml berries & cream (1×1),32.99,,
Foodline,CLERE H&B LTN 400ML [M] STORM (1X1),25.99,,
Foodline,CLERE H&B LTN 200ML LANOLIN & GLYCERINE (1X1),11.99,,
Foodline,CLERE H&B CRM 500ML TROPICAL COCONUT (1X1),42.99,,
Foodline,CLERE H&B CRM 500ML TROPICAL FRUIT (1X1),42.99,,
Foodline,CLERE H&B CRM 500ML RICH MUSK (1X1),42.99,,
Foodline,CLERE H&B CRM 500ML LANOLIN & GLYCERINE (1X1),36.99,,
Foodline,CLERE H&B CRM 500ML COCOA BUTTER (1X1),36.99,,
Foodline,CLERE H&B CRM 500ML BERRIES & CREAM (1X1),36.99,,
Foodline,CLERE H&B CRM 500ML AVO MILK (1X1),36.99,,
Foodline,CLERE H&B CRM 450ML [M] STORM (1X1),32.99,,
Foodline,CLERE GLYCERINE 200ML PURE BP (1X1),41.99,,
Foodline,CLERE GLYCERINE 100ML PURE BP (1X1),21.99,,
Foodline,Chemico liquid drain cleen 500ml (1×1),79.99,,
Foodline,Chemico drain cln granules 250g (1×1),79.99,,
Foodline,CHEMICO A/P PASTE TUB 500G (1X1),37.99,,
Foodline,CHEMICO L/CLEEN 750ML LAVENDER (1X1),37.99,,
Foodline,REVLON R/ON [F] 50ML CHARLIE BLUE ORIG (1X1),22.99,,
Foodline,REVLON B/SPRAY [F] 90ML CHARLIE SILVER (1X1),34.99,,
Foodline,REVLON B/SPRAY [F] 90ML CHARLIE PINK (1X1),34.99,,
Foodline,REVLON B/SPRAY [F] 90ML CHARLIE GOLD (1X1),34.99,,
Foodline,CHAPPIES WATERMELON 100’S (1X1),47.99,,
Foodline,CHAPPIES SPEARMINT 100’S (1X1),39.99,,
Foodline,CHAPPIES GRAPE 100’S (1X1),39.99,,
Foodline,CHAPPIES COOL CHERRY 100’S (1X1),39.99,,
Foodline,Chappies ass fruit 100’s (1×1),47.99,,
Foodline,CERES F/JUICE 200ML WHISPERS OF SUMMER 100% (1X1),10.99,,
Foodline,CERES F/JUICE 200ML SECRET OF VALLEY (1X1),10.99,,
Foodline,CERES F/JUICE 200ML ORANGE 100% (1X1),10.99,,
Foodline,CERES F/JUICE 200ML MEDLEY OF FRUITS 100% (1X1),10.99,,
Foodline,CERES F/JUICE 200ML MANGO (1X1),10.99,,
Foodline,CERES F/JUICE 200ML LITCHI (1X1),10.99,,
Foodline,CERES F/JUICE 200ML GRAPE HANEPOOT 100% (1X1),10.99,,
Foodline,CERES F/JUICE 200ML APPLE 100% (1X1),10.99,,
Foodline,CEREBOS SALT 500G GREEN SEA POLY (1X1),10.99,,
Foodline,CEREBOS SALT 500G GREEN SEA FLASK (1X1),24.99,,
Foodline,CEREBOS SALT 500G BLUE TABLE POLY (1X1),9.99,,
Foodline,CEREBOS SALT 500G BLUE TABLE FLASK (1X1),25.99,,
Foodline,CEREBOS SALT 1KG GREEN SEA POLY (1X1),18.99,,
Foodline,CEREBOS SALT 1KG BLUE TABLE POLY (1X1),19.99,,
Foodline,CATMOR C/FOOD ADULT 1.75KG TUNA (1X1),89.99,,
Foodline,CATMOR C/FOOD ADULT 1.75KG SALMON (1X1),89.99,,
Foodline,CATMOR C/FOOD ADULT 1.75KG LIVER (1X1),87.99,,
Foodline,CATMOR C/FOOD ADULT 1.75KG CHICKEN (1X1),89.99,,
Foodline,CALPOL SYRUP 100ML (1X1),79.99,,
Foodline,CALPOL SYRUP 50ML (1X1),49.99,,
Foodline,CADBURY SLAB 80G WHOLENUT (1X1),17.99,,
Foodline,BULL BRAND 300G CORNED MEAT (1X1),37.99,,
Foodline,BRUT R/ON 50ML [M] TOTAL ATTRACTION (1X1),27.99,,
Foodline,BRUT R/ON 50ML [M] SPIRIT (1X1),27.99,,
Foodline,BRUT R/ON 50ML [M] ORIGINAL (1X1),27.99,,
Foodline,BRUT R/ON 50ML [M] MUSK (1X1),27.99,,
Foodline,Brut r/on 50ml [m] alaska (1×1),29.99,,
Foodline,BRUT B/SPRAY [M] 120ML TOTAL ATTRACTION (1X1),38.99,,
Foodline,BRUT B/SPRAY [M] 120ML SPIRIT (1X1),38.99,,
Foodline,BRUT B/SPRAY [M] 120ML ORIGINAL (1X1),43.99,,
Foodline,Brut b/spray [m] 120ml musk (1×1),42.99,,
Foodline,BRUT B/SPRAY [M] 120ML COLOGNE SPIRIT (1X1),38.99,,
Foodline,BRUT B/SPRAY [M] 120ML COLOGNE ORIGINAL (1X1),38.99,,
Foodline,Brut b/spray [m] 120ml alaska (1×1),43.99,,
Foodline,BROOKLAX LAXATIVE CHOC 4S (1X1),29.99,,
Foodline,TRU LEM LEMON JUICE 500ML (1X1),23.99,,
Foodline,TRU LEM LEMON JUICE 2LT (1X1),75.99,,
Foodline,TRU LEM LEMON JUICE 250ML (1X1),16.99,,
Foodline,BROOKES OROS SQUASH RTD 300ML RASPBERRY (1X1),9.99,,
Foodline,Black cat 270g smooth (1×1),35.99,,
Foodline,Black cat 400g smooth nas (1×1),49.99,,
Foodline,BISTO GRAVY POWDER 115G (1X1),11.99,,
Foodline,BENYLIN COUGH 50ML REGULAR (1X1),47.0,,
Foodline,BENYLIN COUGH 100ML MENTHOL (1X1),69.99,,
Foodline,BEACON WHIPPY 41G STRAWBERRY  (1X288),3168.0,,
Foodline,BEACON WHIPPY 41G STRAWBERRY  (1X1),10.99,,
Foodline,BEACON TV BAR WHITE 47G (1X1),10.99,,
Foodline,Beacon tv bar milk 47g (1×1),12.99,,
Foodline,BEACON TV BAR DARK 47G (1X1),10.99,,
Foodline,BEACON SLAB 80G TV BAR WHITE (1X1),15.99,,
Foodline,BEACON SLAB 80G TV BAR MILK (1X1),15.99,,
Foodline,BEACON SLAB 80G TURKISH DELIGHT  (1X1),15.99,,
Foodline,BEACON SPARKLES 400G FRUIT MIX (1X1),52.99,,
Foodline,BEACON SPARKLES 125G TROPICAL (1X1),26.99,,
Foodline,BEACON SPARKLES 125G S/BERRIES & CREAM (1X1),26.99,,
Foodline,BEACON SPARKLES 125G FRUIT MIX (1X1),26.99,,
Foodline,BEACON SLAB 80G CASHEW & COCONUT  (1X1),15.99,,
Foodline,BEACON SLAB 80G MINT MAGIC (1X1),15.99,,
Foodline,BEACON SLAB 80G IVORY CREAM (1X1),15.99,,
Foodline,BEACON SLAB 90G HEAVENLY MILK BUBBLES (1X1),17.99,,
Foodline,Beacon slab 90g heavenly hazelnut bubbles (1×1),19.99,,
Foodline,BEACON SLAB 80G HAZEL HEAVEN (1X1),15.99,,
Foodline,BEACON SLAB 80G FOREST F/NUT (1X1),15.99,,
Foodline,BEACON SLAB 80G EBONY & IVORY (1X1),15.99,,
Foodline,BEACON SLAB 80G RED VELEVET (1X1),15.99,,
Foodline,BEACON SLAB 80G MILK CHOC (1X1),15.99,,
Foodline,BEACON SLAB 80G MIDNIGHT VELVET CHOCOLATE (1X1),15.99,,
Foodline,BEACON SLAB 80G JELLY TOTS P/CANDY (1X1),16.99,,
Foodline,Beacon slab 80g jelly tots (1×1),16.99,,
Foodline,BEACON SLAB 80G COOKIES N MILK (1X1),15.99,,
Foodline,BEACON NOSH BAR 56G (1X1),10.99,,
Foodline,BEACON NIKI BAR 48G ORIGINAL (1X1),10.99,,
Foodline,BEACON MALLOWS 150G TWISTERS (1X1),19.99,,
Foodline,BEACON ALLSORTS 150G MINI LIQUORICE (1X1),25.99,,
Foodline,BEACON MALLOWS 400G PINK & WHITE (1X1),39.99,,
Foodline,BEACON MALLOWS 150G TOASTED COCONUT (1X1),25.99,,
Foodline,Beacon mallows 135g pink & white (1×1),19.99,,
Foodline,Jelly tots 48g white chocolate (1×1),12.99,,
Foodline,JELLY TOTS 100G LICK N LEARN NUMBERS (1X1),19.99,,
Foodline,JELLY TOTS 100G LICK N LEARN ALPHABET (1X1),19.99,,
Foodline,BEACON FIZZER 11.6G CREAM SODA (4X72),576.0,,
Foodline,Beacon fizzer 24s cream soda (1×1),59.99,,
Foodline,BEACON FAVRITES 300G (1X1),72.99,,
Foodline,DAMASCUS NOUGAT 75G ORIGINAL (1X1),22.99,,
Foodline,All Natural Italian-Style Chicken Meatballs,7.25,9.35,
Foodline,Angie’s Boomchickapop Sweet & Salty Kettle Corn,3.29,4.29,
Foodline,Field Roast Chao Cheese Creamy Original,19.5,24.0,
Foodline,Foster Farms Takeout Crispy Classic Buffalo Wings,7.25,,
Foodline,Blue Diamond Almonds Lightly Salted,10.58,11.68,
Foodline,Blueberries – 1 Pint Package,3.99,4.49,
Foodline,Fresh Organic Broccoli Crowns,4.85,6.77,
Foodline,Chobani Complete Vanilla Greek Yogurt,5.49,,
Foodline,Fresh Brown Coconut,15.48,19.58,
Foodline,American Cheese Singles,3.29,8.29,
Foodline,100% Butter French Croissants,1.44,,
Foodline,Canada Dry Ginger Ale – 2 L Bottle,3.85,6.45,
Foodline,Fresh Produce Melons Each,7.49,,
Foodline,Fresh Cavendish Bananas,7.58,8.89,
Foodline,Challenge Spreadable Butter,7.58,,
Foodline,Coca-Cola – 2 L Bottle,3.85,,
Foodline,Encore Seafoods Stuffed Alaskan Salmon,27.49,32.49,
Foodline,Fairlife Lactose-Free 2% Milk,3.69,,
Foodline,Fresh Organic Kiwi,5.28,6.28,
Foodline,Frozen Beef & Cheese Mini Tacos,4.99,7.99,
Foodline,Fresh Organic Garlic,3.48,,
Foodline,Gorton’s Beer Battered Fish Fillets,2.98,4.98,
Foodline,Green Giant Veggie Spirals,3.59,,
Foodline,Organic Green Grapes,5.75,6.75,
Foodline,Haagen-Dazs Caramel Cone Ice Cream,3.48,6.48,
Foodline,Heinz Tomato Ketchup,2.88,,
Foodline,Hellmann’s Mayonnaise Real,8.25,13.25,
Foodline,Lemon Cream Crunch Cookies,4.99,,
Foodline,Naturally Flavored Cinnamon Vanilla Light Roast Coffee,8.5,9.5,
Foodline,Naturally Flavored Salted Caramel Light Roast Coffee,7.0,,
Foodline,Nestle Original Coffee-Mate Coffee Creamer,11.99,13.99,
Foodline,Organic 100% Grassfed 85_15 Ground Beef,5.99,,
Foodline,Organic Cage-Free Grade A Large Brown Eggs,3.69,4.69,
Foodline,Organic Frozen Triple Berry Blend,15.79,,
Foodline,Organic Maple Syrup,5.28,5.98,
Foodline,Organic White Corn Tortilla Chips,2.99,5.99,
Foodline,Original Buttery Spread,2.29,3.29,
Foodline,Oroweat Country Buttermilk Bread,4.25,,
Foodline,Pepperidge Farm Farmhouse Hearty White Bread,2.75,3.5,
Foodline,Pepsi Cola Soda – 2 L Bottle,5.05,,
Foodline,Perdue Simply Smart Organics Gluten Free Breaded Chicken Breast Nuggets,7.99,8.99,
Foodline,Premium Purified Water,2.33,,
Foodline,Raspberry Truffle Cookie,12.99,14.99,
Foodline,Texas Rio Red Grapefruit,4.5,7.5,
Foodline,Rold Gold Tiny Twists Pretzels,2.99,,
Foodline,Shimmer Pastel Almond Blend,7.71,,
Foodline,Signature Wood-Fired Mushroom and Caramelized Red Onion Frozen Pizza,5.99,7.99,
Foodline,Simply Lemonade with Raspberry Juice,3.88,4.88,
Foodline,Sol-ti Coconut Charcoal SuperAde,3.97,4.97,
Foodline,SToK Un-Sweet Black Cold Brew Iced Coffee,65.0,,
Foodline,Fresh Organic Strawberry,9.0,12.0,
Foodline,Organic Sweet Lime,5.99,6.99,
Foodline,Tomatoes on the Vine,4.32,5.32,
Foodline,Tropicana Pineapple Mango Drink,2.29,3.29,
